questions,true_answers,predicted_answers,context_relevance,faithfulness,sas
"What does Paragraph 2 of Schedule 5 of the PFMA mandate Accounting Officers to do regarding budget implementation, and how has COVID-19 affected this process?","Paragraph 2 of Schedule 5 of the PFMA mandates Accounting Officers to prepare an appropriation account detailing the services funded, actual expenditures, and the status of each vote relative to the appropriated amount, while noting that COVID-19 has posed significant challenges to the implementation of activities, service delivery, and the credibility of the budget.",None.,1.0,0.5,-0.016759339720010757
"How did the actual Non-Tax Revenue (NTR) collection for the financial year 2021/2022 compare to the target, and what issue was identified with the target setting?","The actual Non-Tax Revenue (NTR) collection for the financial year 2021/2022 was UGX.209.00Bn, which is 97% of the targeted UGX.215.63Bn, with the issue being that the NTR target was set by MoFPED without the participation of the Accounting Officer, raising concerns about the target's realism.","The actual Non-Tax Revenue (NTR) collection for the financial year 2021/2022 was 97% of the target. The issue identified with the target setting was that the entity budgeted to collect UGX.215.63Bn, but only UGX.209.00Bn was collected.",1.0,1.0,0.9408745169639587
How many outputs were fully implemented according to the document?,Five outputs were fully implemented.,None,1.0,1.0,0.1095704734325409
What happens if an Accounting Officer does not follow the rules for allocating funds within a vote?,"If an Accounting Officer does not follow the rules for allocating funds within a vote, they may be held personally liable for any mischarges and diversions of funds through incorrect coding of transactions.",The question is incomplete as no options or consequences are provided to answer accurately.,1.0,1.0,0.32533106207847595
"What percentage of wage, pension and gratuity was unspent?",24% was underspent,76%,0.6666666666666666,1.0,0.4177931845188141
How many pieces of land lacked Land titles?,76 pieces of land lacked titles,None,1.0,0.0,0.1883459985256195
How many pensioners were underpaid and how much?,"49 pensioners were underpaid amount equivalent to UG X. 65,798,802","02 pensioners/beneficiaries were underpaid a total of UGX.2,325,648.",1.0,1.0,0.8127841353416443
What is the danger of not maintaining a risk registers?,Failure to maintain risk registers implies that the entity does not have a mitigation or response strategy to risks that may affect the achievement of planned activities,The danger of not maintaining risk registers is that the entity may not have a mitigation or response strategy for risks that could affect the achievement of planned activities.,0.5,1.0,0.854485273361206
What accounts for domestic arrears in Fort Portal Regional Referral Hospital?,"Under Budgeting for Domestic Arrears where for  the last two Financial  Years, the Accounting  Officer  did not make budget provisions towards settlement of domestic arrears  despite accumulation of a total of UGX 362,688,782 in un-paid obligations",None,0.75,1.0,0.11904215067625046
How much was spent on social  benefits vis-as-viz what was budgeted?,"UGX. 192,228,586 was spent against the planned budget of UGX 135,862,000 registering an excess expenditure of UGX. 56,366, 586",None,0.0,0.0,0.0871351808309555
How much was budgeted for Construction/Rehabilitation of Railway Infrastructure,"UGX 29,892,476,459","60,591,014",0.2,1.0,0.29865938425064087
"What was the budget shortfall/cut for the Purchase of Office and ICT Equipment, including Software?","UGX 200,000,000",None,0.5,0.0,0.1877737045288086
How many outputs were fully implemented?,5,None,1.0,0.0,0.44869866967201233
What is the implication of non implementation of activities?,Non-implementation of planned activities implies that the expected services are not delivered to the beneficiary communities,"The implication of non-implementation of activities is that the planned outputs may not be achieved, resulting in delays or failure to accomplish the desired goals or objectives.",1.0,1.0,0.6452000141143799
How many IT staffing positions are vacant?,5,5,0.5,1.0,1.0000001192092896
What  was the total mischarged expenditure?,"UGX 2,097,464,868",None,0.5,0.0,0.0949992761015892
